[{"model": "admin.logentry", "pk": 1, "fields": {"action_time": "2023-03-10T10:24:23.555Z", "user": 1, "content_type": 7, "object_id": "1", "object_repr": "snehaldeshpande943@gmail.com", "action_flag": 1, "change_message": "[{\"added\": {}}]"}}, {"model": "admin.logentry", "pk": 2, "fields": {"action_time": "2023-03-10T10:47:52.398Z", "user": 1, "content_type": 6, "object_id": "3", "object_repr": "", "action_flag": 1, "change_message": "[{\"added\": {}}]"}}, {"model": "admin.logentry", "pk": 3, "fields": {"action_time": "2023-03-10T10:50:28.175Z", "user": 1, "content_type": 6, "object_id": "3", "object_repr": "", "action_flag": 3, "change_message": ""}}, {"model": "admin.logentry", "pk": 4, "fields": {"action_time": "2023-03-10T10:51:22.064Z", "user": 1, "content_type": 6, "object_id": "4", "object_repr": "", "action_flag": 1, "change_message": "[{\"added\": {}}]"}}, {"model": "admin.logentry", "pk": 5, "fields": {"action_time": "2023-03-10T11:04:39.373Z", "user": 1, "content_type": 6, "object_id": "4", "object_repr": "", "action_flag": 3, "change_message": ""}}, {"model": "admin.logentry", "pk": 6, "fields": {"action_time": "2023-03-10T11:05:04.272Z", "user": 1, "content_type": 6, "object_id": "5", "object_repr": "", "action_flag": 1, "change_message": "[{\"added\": {}}]"}}, {"model": "admin.logentry", "pk": 7, "fields": {"action_time": "2023-03-10T11:06:13.922Z", "user": 1, "content_type": 6, "object_id": "5", "object_repr": "snehald8668@gmail.com", "action_flag": 2, "change_message": "[{\"changed\": {\"fields\": [\"First name\", \"Last name\", \"Email\", \"Phone number\"]}}]"}}, {"model": "admin.logentry", "pk": 8, "fields": {"action_time": "2023-03-10T11:09:56.945Z", "user": 1, "content_type": 6, "object_id": "5", "object_repr": "snehald8668@gmail.com", "action_flag": 2, "change_message": "[]"}}, {"model": "admin.logentry", "pk": 9, "fields": {"action_time": "2023-03-10T11:11:38.008Z", "user": 1, "content_type": 7, "object_id": "1", "object_repr": "snehaldeshpande943@gmail.com", "action_flag": 3, "change_message": ""}}, {"model": "admin.logentry", "pk": 10, "fields": {"action_time": "2023-03-15T05:47:40.179Z", "user": 1, "content_type": 6, "object_id": "11", "object_repr": "test123@gmail.com", "action_flag": 3, "change_message": ""}}, {"model": "admin.logentry", "pk": 11, "fields": {"action_time": "2023-03-15T05:47:40.187Z", "user": 1, "content_type": 6, "object_id": "10", "object_repr": "2019bcs025@sggs.ac.in", "action_flag": 3, "change_message": ""}}, {"model": "admin.logentry", "pk": 12, "fields": {"action_time": "2023-03-15T05:47:40.189Z", "user": 1, "content_type": 6, "object_id": "9", "object_repr": "suresh123@gmail.com", "action_flag": 3, "change_message": ""}}, {"model": "admin.logentry", "pk": 13, "fields": {"action_time": "2023-03-15T05:47:40.191Z", "user": 1, "content_type": 6, "object_id": "7", "object_repr": "narayan123@gmail.com", "action_flag": 3, "change_message": ""}}, {"model": "admin.logentry", "pk": 14, "fields": {"action_time": "2023-03-15T05:47:40.193Z", "user": 1, "content_type": 6, "object_id": "6", "object_repr": "shindeapekshaabs9@gmail.com", "action_flag": 3, "change_message": ""}}, {"model": "admin.logentry", "pk": 15, "fields": {"action_time": "2023-03-15T05:47:40.194Z", "user": 1, "content_type": 6, "object_id": "5", "object_repr": "snehald8668@gmail.com", "action_flag": 3, "change_message": ""}}, {"model": "admin.logentry", "pk": 16, "fields": {"action_time": "2023-03-15T10:21:22.565Z", "user": 1, "content_type": 6, "object_id": "12", "object_repr": "testy123@gmail.com", "action_flag": 3, "change_message": ""}}, {"model": "admin.logentry", "pk": 17, "fields": {"action_time": "2023-03-15T10:21:22.569Z", "user": 1, "content_type": 6, "object_id": "8", "object_repr": "sneh123@gmail.com", "action_flag": 3, "change_message": ""}}, {"model": "admin.logentry", "pk": 18, "fields": {"action_time": "2023-03-16T05:53:45.329Z", "user": 1, "content_type": 6, "object_id": "15", "object_repr": "kautakarhimanshu37@gmail.com", "action_flag": 3, "change_message": ""}}, {"model": "admin.logentry", "pk": 19, "fields": {"action_time": "2023-03-16T05:53:45.335Z", "user": 1, "content_type": 6, "object_id": "14", "object_repr": "2019bcs025@sggs.ac.in", "action_flag": 3, "change_message": ""}}, {"model": "admin.logentry", "pk": 20, "fields": {"action_time": "2023-03-16T05:53:45.337Z", "user": 1, "content_type": 6, "object_id": "13", "object_repr": "snehald8668@gmail.com", "action_flag": 3, "change_message": ""}}, {"model": "admin.logentry", "pk": 21, "fields": {"action_time": "2023-03-16T06:05:01.154Z", "user": 1, "content_type": 6, "object_id": "17", "object_repr": "2019bcs025@sggs.ac.in", "action_flag": 2, "change_message": "[{\"changed\": {\"fields\": [\"Is active\"]}}]"}}, {"model": "admin.logentry", "pk": 22, "fields": {"action_time": "2023-03-16T06:06:37.012Z", "user": 1, "content_type": 6, "object_id": "17", "object_repr": "2019bcs025@sggs.ac.in", "action_flag": 3, "change_message": ""}}, {"model": "admin.logentry", "pk": 23, "fields": {"action_time": "2023-03-16T06:08:45.747Z", "user": 1, "content_type": 6, "object_id": "18", "object_repr": "test123@gmail.com", "action_flag": 2, "change_message": "[{\"changed\": {\"fields\": [\"Is active\"]}}]"}}, {"model": "admin.logentry", "pk": 24, "fields": {"action_time": "2023-03-16T06:22:04.856Z", "user": 1, "content_type": 6, "object_id": "16", "object_repr": "snehald8668@gmail.com", "action_flag": 3, "change_message": ""}}, {"model": "admin.logentry", "pk": 25, "fields": {"action_time": "2023-03-16T06:28:06.764Z", "user": 1, "content_type": 6, "object_id": "19", "object_repr": "pradnya@gmail.com", "action_flag": 2, "change_message": "[{\"changed\": {\"fields\": [\"Is active\"]}}]"}}, {"model": "admin.logentry", "pk": 26, "fields": {"action_time": "2023-03-17T08:39:27.957Z", "user": 1, "content_type": 6, "object_id": "21", "object_repr": "customber31@gmail.com", "action_flag": 3, "change_message": ""}}, {"model": "admin.logentry", "pk": 27, "fields": {"action_time": "2023-03-17T08:39:27.970Z", "user": 1, "content_type": 6, "object_id": "20", "object_repr": "customerfood21@gmail.com", "action_flag": 3, "change_message": ""}}, {"model": "admin.logentry", "pk": 28, "fields": {"action_time": "2023-03-17T09:11:03.339Z", "user": 1, "content_type": 6, "object_id": "22", "object_repr": "customber31@gmail.com", "action_flag": 3, "change_message": ""}}, {"model": "admin.logentry", "pk": 29, "fields": {"action_time": "2023-03-18T04:27:11.575Z", "user": 1, "content_type": 6, "object_id": "19", "object_repr": "pradnya@gmail.com", "action_flag": 3, "change_message": ""}}, {"model": "admin.logentry", "pk": 30, "fields": {"action_time": "2023-03-18T04:27:11.581Z", "user": 1, "content_type": 6, "object_id": "18", "object_repr": "test123@gmail.com", "action_flag": 3, "change_message": ""}}, {"model": "admin.logentry", "pk": 31, "fields": {"action_time": "2023-03-18T04:37:22.311Z", "user": 1, "content_type": 6, "object_id": "24", "object_repr": "vendorfoodon@gmail.com", "action_flag": 3, "change_message": ""}}, {"model": "admin.logentry", "pk": 32, "fields": {"action_time": "2023-03-19T06:19:23.383Z", "user": 1, "content_type": 8, "object_id": "5", "object_repr": "Vendor object (5)", "action_flag": 2, "change_message": "[]"}}, {"model": "admin.logentry", "pk": 33, "fields": {"action_time": "2023-03-19T06:21:32.047Z", "user": 1, "content_type": 8, "object_id": "5", "object_repr": "Vendor object (5)", "action_flag": 2, "change_message": "[]"}}, {"model": "admin.logentry", "pk": 34, "fields": {"action_time": "2023-03-21T05:31:42.195Z", "user": 1, "content_type": 8, "object_id": "5", "object_repr": "Vendor object (5)", "action_flag": 3, "change_message": ""}}, {"model": "admin.logentry", "pk": 35, "fields": {"action_time": "2023-03-21T05:31:54.847Z", "user": 1, "content_type": 6, "object_id": "25", "object_repr": "vendorfoodon@gmail.com", "action_flag": 3, "change_message": ""}}, {"model": "admin.logentry", "pk": 36, "fields": {"action_time": "2023-03-21T05:40:57.039Z", "user": 1, "content_type": 6, "object_id": "27", "object_repr": "foodvendor32@gmail.com", "action_flag": 2, "change_message": "[{\"changed\": {\"fields\": [\"Is staff\"]}}]"}}, {"model": "admin.logentry", "pk": 37, "fields": {"action_time": "2023-03-21T05:41:09.314Z", "user": 1, "content_type": 6, "object_id": "27", "object_repr": "foodvendor32@gmail.com", "action_flag": 2, "change_message": "[{\"changed\": {\"fields\": [\"Is staff\", \"Is active\"]}}]"}}, {"model": "admin.logentry", "pk": 38, "fields": {"action_time": "2023-03-21T05:42:33.661Z", "user": 1, "content_type": 8, "object_id": "7", "object_repr": "Vendor object (7)", "action_flag": 2, "change_message": "[]"}}, {"model": "admin.logentry", "pk": 39, "fields": {"action_time": "2023-03-21T05:43:11.328Z", "user": 1, "content_type": 8, "object_id": "7", "object_repr": "Vendor object (7)", "action_flag": 2, "change_message": "[{\"changed\": {\"fields\": [\"Is approved\"]}}]"}}, {"model": "admin.logentry", "pk": 40, "fields": {"action_time": "2023-03-21T05:43:52.509Z", "user": 1, "content_type": 8, "object_id": "7", "object_repr": "Vendor object (7)", "action_flag": 2, "change_message": "[]"}}, {"model": "admin.logentry", "pk": 41, "fields": {"action_time": "2023-03-21T05:46:57.789Z", "user": 1, "content_type": 8, "object_id": "7", "object_repr": "Vendor object (7)", "action_flag": 3, "change_message": ""}}, {"model": "admin.logentry", "pk": 42, "fields": {"action_time": "2023-03-21T05:46:57.798Z", "user": 1, "content_type": 8, "object_id": "6", "object_repr": "Vendor object (6)", "action_flag": 3, "change_message": ""}}, {"model": "admin.logentry", "pk": 43, "fields": {"action_time": "2023-03-21T05:47:08.690Z", "user": 1, "content_type": 6, "object_id": "27", "object_repr": "foodvendor32@gmail.com", "action_flag": 3, "change_message": ""}}, {"model": "admin.logentry", "pk": 44, "fields": {"action_time": "2023-03-21T05:47:08.695Z", "user": 1, "content_type": 6, "object_id": "26", "object_repr": "vendorfoodon@gmail.com", "action_flag": 3, "change_message": ""}}, {"model": "admin.logentry", "pk": 45, "fields": {"action_time": "2023-03-21T05:50:40.789Z", "user": 1, "content_type": 8, "object_id": "8", "object_repr": "Vendor object (8)", "action_flag": 2, "change_message": "[]"}}, {"model": "admin.logentry", "pk": 46, "fields": {"action_time": "2023-03-21T05:51:41.441Z", "user": 1, "content_type": 8, "object_id": "8", "object_repr": "Vendor object (8)", "action_flag": 2, "change_message": "[{\"changed\": {\"fields\": [\"Is approved\"]}}]"}}, {"model": "admin.logentry", "pk": 47, "fields": {"action_time": "2023-03-21T05:52:47.701Z", "user": 1, "content_type": 8, "object_id": "8", "object_repr": "Vendor object (8)", "action_flag": 2, "change_message": "[{\"changed\": {\"fields\": [\"Is approved\"]}}]"}}, {"model": "admin.logentry", "pk": 48, "fields": {"action_time": "2023-03-21T05:54:01.108Z", "user": 1, "content_type": 8, "object_id": "8", "object_repr": "Vendor object (8)", "action_flag": 2, "change_message": "[{\"changed\": {\"fields\": [\"Is approved\"]}}]"}}, {"model": "admin.logentry", "pk": 49, "fields": {"action_time": "2023-03-21T09:23:24.299Z", "user": 1, "content_type": 8, "object_id": "8", "object_repr": "crazy cheesy", "action_flag": 3, "change_message": ""}}, {"model": "admin.logentry", "pk": 50, "fields": {"action_time": "2023-03-21T09:23:32.743Z", "user": 1, "content_type": 6, "object_id": "28", "object_repr": "foodvendor32@gmail.com", "action_flag": 3, "change_message": ""}}, {"model": "admin.logentry", "pk": 51, "fields": {"action_time": "2023-03-21T09:25:34.763Z", "user": 1, "content_type": 8, "object_id": "9", "object_repr": "cheesy", "action_flag": 2, "change_message": "[{\"changed\": {\"fields\": [\"Is approved\"]}}]"}}, {"model": "admin.logentry", "pk": 52, "fields": {"action_time": "2023-03-21T09:25:53.319Z", "user": 1, "content_type": 8, "object_id": "9", "object_repr": "cheesy", "action_flag": 2, "change_message": "[{\"changed\": {\"fields\": [\"Is approved\"]}}]"}}, {"model": "admin.logentry", "pk": 53, "fields": {"action_time": "2023-03-21T09:28:41.708Z", "user": 1, "content_type": 8, "object_id": "9", "object_repr": "cheesy", "action_flag": 2, "change_message": "[{\"changed\": {\"fields\": [\"Is approved\"]}}]"}}, {"model": "admin.logentry", "pk": 54, "fields": {"action_time": "2023-03-21T09:28:51.276Z", "user": 1, "content_type": 8, "object_id": "9", "object_repr": "cheesy", "action_flag": 2, "change_message": "[{\"changed\": {\"fields\": [\"Is approved\"]}}]"}}, {"model": "admin.logentry", "pk": 55, "fields": {"action_time": "2023-03-29T07:24:32.556Z", "user": 1, "content_type": 6, "object_id": "29", "object_repr": "foodvendor32@gmail.com", "action_flag": 3, "change_message": ""}}, {"model": "admin.logentry", "pk": 56, "fields": {"action_time": "2023-03-29T07:24:32.576Z", "user": 1, "content_type": 6, "object_id": "23", "object_repr": "customber31@gmail.com", "action_flag": 3, "change_message": ""}}, {"model": "admin.logentry", "pk": 57, "fields": {"action_time": "2023-04-01T07:38:29.179Z", "user": 1, "content_type": 6, "object_id": "31", "object_repr": "dummycust79@gmail.com", "action_flag": 2, "change_message": "[{\"changed\": {\"fields\": [\"Is active\"]}}]"}}, {"model": "admin.logentry", "pk": 58, "fields": {"action_time": "2023-04-03T06:51:00.372Z", "user": 1, "content_type": 6, "object_id": "31", "object_repr": "dummycust79@gmail.com", "action_flag": 3, "change_message": ""}}, {"model": "admin.logentry", "pk": 59, "fields": {"action_time": "2023-04-03T06:51:00.389Z", "user": 1, "content_type": 6, "object_id": "30", "object_repr": "foodvendor32@gmail.com", "action_flag": 3, "change_message": ""}}, {"model": "admin.logentry", "pk": 60, "fields": {"action_time": "2023-04-03T10:01:35.229Z", "user": 1, "content_type": 7, "object_id": "31", "object_repr": "foodvendor32@gmail.com", "action_flag": 2, "change_message": "[{\"changed\": {\"fields\": [\"Profile picture\", \"Cover photo\", \"Address\", \"Country\", \"State\", \"City\", \"Pin code\"]}}]"}}, {"model": "admin.logentry", "pk": 61, "fields": {"action_time": "2023-04-04T11:31:21.467Z", "user": 1, "content_type": 7, "object_id": "31", "object_repr": "foodvendor32@gmail.com", "action_flag": 2, "change_message": "[{\"changed\": {\"fields\": [\"Profile picture\", \"Cover photo\"]}}]"}}, {"model": "admin.logentry", "pk": 62, "fields": {"action_time": "2023-04-05T07:08:02.790Z", "user": 1, "content_type": 7, "object_id": "31", "object_repr": "foodvendor32@gmail.com", "action_flag": 2, "change_message": "[{\"changed\": {\"fields\": [\"Address\"]}}]"}}, {"model": "admin.logentry", "pk": 63, "fields": {"action_time": "2023-04-19T05:36:57.183Z", "user": 1, "content_type": 6, "object_id": "32", "object_repr": "foodvendor32@gmail.com", "action_flag": 3, "change_message": ""}}, {"model": "admin.logentry", "pk": 64, "fields": {"action_time": "2023-04-26T09:51:59.629Z", "user": 1, "content_type": 6, "object_id": "35", "object_repr": "shrivendor21@gmail.com", "action_flag": 3, "change_message": ""}}, {"model": "admin.logentry", "pk": 65, "fields": {"action_time": "2023-04-26T09:51:59.633Z", "user": 1, "content_type": 6, "object_id": "33", "object_repr": "dummycust79@gmail.com", "action_flag": 3, "change_message": ""}}, {"model": "admin.logentry", "pk": 66, "fields": {"action_time": "2023-04-27T10:25:13.982Z", "user": 1, "content_type": 10, "object_id": "1", "object_repr": "Burgers", "action_flag": 1, "change_message": "[{\"added\": {}}]"}}, {"model": "admin.logentry", "pk": 67, "fields": {"action_time": "2023-04-27T10:29:46.630Z", "user": 1, "content_type": 10, "object_id": "2", "object_repr": "pizza", "action_flag": 1, "change_message": "[{\"added\": {}}]"}}, {"model": "admin.logentry", "pk": 68, "fields": {"action_time": "2023-04-27T10:37:36.142Z", "user": 1, "content_type": 10, "object_id": "3", "object_repr": "Sea food", "action_flag": 1, "change_message": "[{\"added\": {}}]"}}, {"model": "admin.logentry", "pk": 69, "fields": {"action_time": "2023-04-27T10:37:53.646Z", "user": 1, "content_type": 10, "object_id": "4", "object_repr": "chicken", "action_flag": 1, "change_message": "[{\"added\": {}}]"}}, {"model": "admin.logentry", "pk": 70, "fields": {"action_time": "2023-04-27T10:44:16.717Z", "user": 1, "content_type": 9, "object_id": "1", "object_repr": "Burger One", "action_flag": 1, "change_message": "[{\"added\": {}}]"}}, {"model": "admin.logentry", "pk": 71, "fields": {"action_time": "2023-04-27T11:27:56.207Z", "user": 1, "content_type": 9, "object_id": "2", "object_repr": "Fried Chicken", "action_flag": 1, "change_message": "[{\"added\": {}}]"}}, {"model": "admin.logentry", "pk": 72, "fields": {"action_time": "2023-04-27T11:28:20.836Z", "user": 1, "content_type": 9, "object_id": "3", "object_repr": "Barbeque Chicken", "action_flag": 1, "change_message": "[{\"added\": {}}]"}}, {"model": "admin.logentry", "pk": 73, "fields": {"action_time": "2023-05-02T08:08:31.588Z", "user": 1, "content_type": 8, "object_id": "14", "object_repr": "Second", "action_flag": 2, "change_message": "[{\"changed\": {\"fields\": [\"Is approved\"]}}]"}}, {"model": "admin.logentry", "pk": 74, "fields": {"action_time": "2023-05-02T08:08:35.518Z", "user": 1, "content_type": 8, "object_id": "13", "object_repr": "Banglore Bakery", "action_flag": 2, "change_message": "[{\"changed\": {\"fields\": [\"Is approved\"]}}]"}}, {"model": "admin.logentry", "pk": 75, "fields": {"action_time": "2023-05-02T09:10:55.666Z", "user": 1, "content_type": 8, "object_id": "14", "object_repr": "Second Restaurant", "action_flag": 2, "change_message": "[{\"changed\": {\"fields\": [\"Vendor name\", \"Vendor slug\"]}}]"}}, {"model": "admin.logentry", "pk": 76, "fields": {"action_time": "2023-05-02T09:11:09.274Z", "user": 1, "content_type": 8, "object_id": "13", "object_repr": "Banglore Bakery", "action_flag": 2, "change_message": "[{\"changed\": {\"fields\": [\"Vendor slug\"]}}]"}}, {"model": "admin.logentry", "pk": 77, "fields": {"action_time": "2023-05-02T09:37:11.292Z", "user": 1, "content_type": 7, "object_id": "35", "object_repr": "shrivendor21@gmail.com", "action_flag": 2, "change_message": "[{\"changed\": {\"fields\": [\"Profile picture\", \"Cover photo\"]}}]"}}, {"model": "admin.logentry", "pk": 78, "fields": {"action_time": "2023-05-02T09:38:45.230Z", "user": 1, "content_type": 7, "object_id": "35", "object_repr": "shrivendor21@gmail.com", "action_flag": 2, "change_message": "[{\"changed\": {\"fields\": [\"Cover photo\"]}}]"}}, {"model": "admin.logentry", "pk": 79, "fields": {"action_time": "2023-05-02T09:39:15.967Z", "user": 1, "content_type": 7, "object_id": "36", "object_repr": "foodvendor32@gmail.com", "action_flag": 2, "change_message": "[{\"changed\": {\"fields\": [\"Profile picture\", \"Cover photo\"]}}]"}}, {"model": "admin.logentry", "pk": 80, "fields": {"action_time": "2023-05-02T10:39:45.010Z", "user": 1, "content_type": 8, "object_id": "13", "object_repr": "Banglore Bakery", "action_flag": 2, "change_message": "[]"}}, {"model": "admin.logentry", "pk": 81, "fields": {"action_time": "2023-05-02T14:39:47.078Z", "user": 1, "content_type": 11, "object_id": "11", "object_repr": "Cart object (11)", "action_flag": 3, "change_message": ""}}, {"model": "admin.logentry", "pk": 82, "fields": {"action_time": "2023-05-02T14:39:47.087Z", "user": 1, "content_type": 11, "object_id": "10", "object_repr": "Cart object (10)", "action_flag": 3, "change_message": ""}}, {"model": "admin.logentry", "pk": 83, "fields": {"action_time": "2023-05-02T14:39:47.089Z", "user": 1, "content_type": 11, "object_id": "9", "object_repr": "Cart object (9)", "action_flag": 3, "change_message": ""}}, {"model": "admin.logentry", "pk": 84, "fields": {"action_time": "2023-05-02T14:39:47.090Z", "user": 1, "content_type": 11, "object_id": "8", "object_repr": "Cart object (8)", "action_flag": 3, "change_message": ""}}, {"model": "admin.logentry", "pk": 85, "fields": {"action_time": "2023-05-02T14:39:47.091Z", "user": 1, "content_type": 11, "object_id": "7", "object_repr": "Cart object (7)", "action_flag": 3, "change_message": ""}}, {"model": "admin.logentry", "pk": 86, "fields": {"action_time": "2023-05-02T14:39:47.092Z", "user": 1, "content_type": 11, "object_id": "6", "object_repr": "Cart object (6)", "action_flag": 3, "change_message": ""}}, {"model": "admin.logentry", "pk": 87, "fields": {"action_time": "2023-05-02T14:39:47.094Z", "user": 1, "content_type": 11, "object_id": "5", "object_repr": "Cart object (5)", "action_flag": 3, "change_message": ""}}, {"model": "admin.logentry", "pk": 88, "fields": {"action_time": "2023-05-02T14:39:47.095Z", "user": 1, "content_type": 11, "object_id": "4", "object_repr": "Cart object (4)", "action_flag": 3, "change_message": ""}}, {"model": "admin.logentry", "pk": 89, "fields": {"action_time": "2023-05-02T14:39:47.097Z", "user": 1, "content_type": 11, "object_id": "3", "object_repr": "Cart object (3)", "action_flag": 3, "change_message": ""}}, {"model": "admin.logentry", "pk": 90, "fields": {"action_time": "2023-05-02T14:39:47.097Z", "user": 1, "content_type": 11, "object_id": "2", "object_repr": "Cart object (2)", "action_flag": 3, "change_message": ""}}, {"model": "admin.logentry", "pk": 91, "fields": {"action_time": "2023-05-02T14:39:47.099Z", "user": 1, "content_type": 11, "object_id": "1", "object_repr": "Cart object (1)", "action_flag": 3, "change_message": ""}}, {"model": "admin.logentry", "pk": 92, "fields": {"action_time": "2023-05-03T12:27:40.696Z", "user": 1, "content_type": 11, "object_id": "12", "object_repr": "Cart object (12)", "action_flag": 3, "change_message": ""}}, {"model": "admin.logentry", "pk": 93, "fields": {"action_time": "2023-05-03T12:31:52.113Z", "user": 1, "content_type": 11, "object_id": "16", "object_repr": "Cart object (16)", "action_flag": 3, "change_message": ""}}, {"model": "admin.logentry", "pk": 94, "fields": {"action_time": "2023-05-03T12:31:52.119Z", "user": 1, "content_type": 11, "object_id": "15", "object_repr": "Cart object (15)", "action_flag": 3, "change_message": ""}}, {"model": "admin.logentry", "pk": 95, "fields": {"action_time": "2023-05-03T12:31:52.120Z", "user": 1, "content_type": 11, "object_id": "14", "object_repr": "Cart object (14)", "action_flag": 3, "change_message": ""}}, {"model": "admin.logentry", "pk": 96, "fields": {"action_time": "2023-05-03T12:31:52.121Z", "user": 1, "content_type": 11, "object_id": "13", "object_repr": "Cart object (13)", "action_flag": 3, "change_message": ""}}, {"model": "admin.logentry", "pk": 97, "fields": {"action_time": "2023-05-03T12:33:56.616Z", "user": 1, "content_type": 11, "object_id": "17", "object_repr": "Cart object (17)", "action_flag": 3, "change_message": ""}}, {"model": "admin.logentry", "pk": 98, "fields": {"action_time": "2023-05-03T13:06:53.146Z", "user": 1, "content_type": 11, "object_id": "22", "object_repr": "Cart object (22)", "action_flag": 3, "change_message": ""}}, {"model": "admin.logentry", "pk": 99, "fields": {"action_time": "2023-05-03T13:06:53.152Z", "user": 1, "content_type": 11, "object_id": "21", "object_repr": "Cart object (21)", "action_flag": 3, "change_message": ""}}, {"model": "admin.logentry", "pk": 100, "fields": {"action_time": "2023-05-03T13:06:53.153Z", "user": 1, "content_type": 11, "object_id": "20", "object_repr": "Cart object (20)", "action_flag": 3, "change_message": ""}}, {"model": "admin.logentry", "pk": 101, "fields": {"action_time": "2023-05-03T13:06:53.154Z", "user": 1, "content_type": 11, "object_id": "19", "object_repr": "Cart object (19)", "action_flag": 3, "change_message": ""}}, {"model": "admin.logentry", "pk": 102, "fields": {"action_time": "2023-05-03T13:06:53.155Z", "user": 1, "content_type": 11, "object_id": "18", "object_repr": "Cart object (18)", "action_flag": 3, "change_message": ""}}, {"model": "admin.logentry", "pk": 103, "fields": {"action_time": "2023-05-03T14:25:11.500Z", "user": 1, "content_type": 11, "object_id": "26", "object_repr": "Cart object (26)", "action_flag": 3, "change_message": ""}}, {"model": "admin.logentry", "pk": 104, "fields": {"action_time": "2023-05-03T14:25:11.506Z", "user": 1, "content_type": 11, "object_id": "25", "object_repr": "Cart object (25)", "action_flag": 3, "change_message": ""}}, {"model": "admin.logentry", "pk": 105, "fields": {"action_time": "2023-05-04T10:55:01.362Z", "user": 1, "content_type": 8, "object_id": "15", "object_repr": "Third Restaurant", "action_flag": 2, "change_message": "[{\"changed\": {\"fields\": [\"Is approved\"]}}]"}}, {"model": "admin.logentry", "pk": 106, "fields": {"action_time": "2023-05-04T12:48:39.872Z", "user": 1, "content_type": 7, "object_id": "35", "object_repr": "shrivendor21@gmail.com", "action_flag": 2, "change_message": "[]"}}, {"model": "admin.logentry", "pk": 107, "fields": {"action_time": "2023-05-04T12:48:55.817Z", "user": 1, "content_type": 7, "object_id": "35", "object_repr": "shrivendor21@gmail.com", "action_flag": 2, "change_message": "[]"}}, {"model": "admin.logentry", "pk": 108, "fields": {"action_time": "2023-05-04T12:49:54.150Z", "user": 1, "content_type": 7, "object_id": "35", "object_repr": "shrivendor21@gmail.com", "action_flag": 2, "change_message": "[]"}}, {"model": "admin.logentry", "pk": 109, "fields": {"action_time": "2023-05-04T12:50:07.250Z", "user": 1, "content_type": 7, "object_id": "35", "object_repr": "shrivendor21@gmail.com", "action_flag": 2, "change_message": "[]"}}, {"model": "admin.logentry", "pk": 110, "fields": {"action_time": "2023-05-04T12:50:38.265Z", "user": 1, "content_type": 7, "object_id": "37", "object_repr": "vendor2.food@gmail.com", "action_flag": 2, "change_message": "[]"}}, {"model": "admin.logentry", "pk": 111, "fields": {"action_time": "2023-05-04T12:50:59.419Z", "user": 1, "content_type": 7, "object_id": "35", "object_repr": "shrivendor21@gmail.com", "action_flag": 2, "change_message": "[]"}}, {"model": "admin.logentry", "pk": 112, "fields": {"action_time": "2023-05-04T12:51:24.718Z", "user": 1, "content_type": 7, "object_id": "37", "object_repr": "vendor2.food@gmail.com", "action_flag": 2, "change_message": "[]"}}, {"model": "admin.logentry", "pk": 113, "fields": {"action_time": "2023-05-04T14:04:32.557Z", "user": 1, "content_type": 8, "object_id": "15", "object_repr": "Third Restaurant", "action_flag": 2, "change_message": "[]"}}, {"model": "admin.logentry", "pk": 114, "fields": {"action_time": "2023-05-04T14:04:36.161Z", "user": 1, "content_type": 8, "object_id": "14", "object_repr": "Second Restaurant", "action_flag": 2, "change_message": "[]"}}, {"model": "admin.logentry", "pk": 115, "fields": {"action_time": "2023-05-04T14:04:39.109Z", "user": 1, "content_type": 8, "object_id": "13", "object_repr": "Banglore Bakery", "action_flag": 2, "change_message": "[]"}}, {"model": "admin.logentry", "pk": 116, "fields": {"action_time": "2023-05-04T15:04:10.576Z", "user": 1, "content_type": 12, "object_id": "1", "object_repr": "OpeningHour object (1)", "action_flag": 1, "change_message": "[{\"added\": {}}]"}}, {"model": "admin.logentry", "pk": 117, "fields": {"action_time": "2023-05-05T08:17:54.757Z", "user": 1, "content_type": 13, "object_id": "1", "object_repr": "CGST", "action_flag": 1, "change_message": "[{\"added\": {}}]"}}, {"model": "admin.logentry", "pk": 118, "fields": {"action_time": "2023-05-05T08:18:19.895Z", "user": 1, "content_type": 13, "object_id": "2", "object_repr": "SGST", "action_flag": 1, "change_message": "[{\"added\": {}}]"}}, {"model": "admin.logentry", "pk": 119, "fields": {"action_time": "2023-05-05T12:59:58.077Z", "user": 1, "content_type": 16, "object_id": "1", "object_repr": "123", "action_flag": 3, "change_message": ""}}, {"model": "admin.logentry", "pk": 120, "fields": {"action_time": "2023-05-06T10:37:44.971Z", "user": 1, "content_type": 16, "object_id": "31", "object_repr": "2023050614424131", "action_flag": 3, "change_message": ""}}, {"model": "admin.logentry", "pk": 121, "fields": {"action_time": "2023-05-06T10:37:44.989Z", "user": 1, "content_type": 16, "object_id": "30", "object_repr": "2023050614345230", "action_flag": 3, "change_message": ""}}, {"model": "admin.logentry", "pk": 122, "fields": {"action_time": "2023-05-06T10:37:44.991Z", "user": 1, "content_type": 16, "object_id": "29", "object_repr": "2023050614285629", "action_flag": 3, "change_message": ""}}, {"model": "admin.logentry", "pk": 123, "fields": {"action_time": "2023-05-06T10:37:44.993Z", "user": 1, "content_type": 16, "object_id": "28", "object_repr": "2023050614283128", "action_flag": 3, "change_message": ""}}, {"model": "admin.logentry", "pk": 124, "fields": {"action_time": "2023-05-06T10:37:44.996Z", "user": 1, "content_type": 16, "object_id": "27", "object_repr": "2023050614023527", "action_flag": 3, "change_message": ""}}, {"model": "admin.logentry", "pk": 125, "fields": {"action_time": "2023-05-06T10:37:44.998Z", "user": 1, "content_type": 16, "object_id": "26", "object_repr": "2023050614022926", "action_flag": 3, "change_message": ""}}, {"model": "admin.logentry", "pk": 126, "fields": {"action_time": "2023-05-06T10:37:45.000Z", "user": 1, "content_type": 16, "object_id": "25", "object_repr": "2023050614015325", "action_flag": 3, "change_message": ""}}, {"model": "admin.logentry", "pk": 127, "fields": {"action_time": "2023-05-06T10:37:45.001Z", "user": 1, "content_type": 16, "object_id": "24", "object_repr": "2023050613582524", "action_flag": 3, "change_message": ""}}, {"model": "admin.logentry", "pk": 128, "fields": {"action_time": "2023-05-06T10:37:45.003Z", "user": 1, "content_type": 16, "object_id": "23", "object_repr": "2023050613535323", "action_flag": 3, "change_message": ""}}, {"model": "admin.logentry", "pk": 129, "fields": {"action_time": "2023-05-06T10:37:45.004Z", "user": 1, "content_type": 16, "object_id": "22", "object_repr": "2023050613481322", "action_flag": 3, "change_message": ""}}, {"model": "admin.logentry", "pk": 130, "fields": {"action_time": "2023-05-06T10:37:45.006Z", "user": 1, "content_type": 16, "object_id": "21", "object_repr": "2023050613245021", "action_flag": 3, "change_message": ""}}, {"model": "admin.logentry", "pk": 131, "fields": {"action_time": "2023-05-06T10:37:45.007Z", "user": 1, "content_type": 16, "object_id": "20", "object_repr": "2023050613215520", "action_flag": 3, "change_message": ""}}, {"model": "admin.logentry", "pk": 132, "fields": {"action_time": "2023-05-06T10:37:45.009Z", "user": 1, "content_type": 16, "object_id": "19", "object_repr": "2023050613035819", "action_flag": 3, "change_message": ""}}, {"model": "admin.logentry", "pk": 133, "fields": {"action_time": "2023-05-06T10:37:45.011Z", "user": 1, "content_type": 16, "object_id": "18", "object_repr": "2023050612184218", "action_flag": 3, "change_message": ""}}, {"model": "admin.logentry", "pk": 134, "fields": {"action_time": "2023-05-06T10:37:45.013Z", "user": 1, "content_type": 16, "object_id": "17", "object_repr": "2023050611531817", "action_flag": 3, "change_message": ""}}, {"model": "admin.logentry", "pk": 135, "fields": {"action_time": "2023-05-06T10:37:45.014Z", "user": 1, "content_type": 16, "object_id": "16", "object_repr": "2023050611524616", "action_flag": 3, "change_message": ""}}, {"model": "admin.logentry", "pk": 136, "fields": {"action_time": "2023-05-06T10:37:45.016Z", "user": 1, "content_type": 16, "object_id": "15", "object_repr": "2023050611515715", "action_flag": 3, "change_message": ""}}, {"model": "admin.logentry", "pk": 137, "fields": {"action_time": "2023-05-06T10:37:45.017Z", "user": 1, "content_type": 16, "object_id": "14", "object_repr": "2023050611510514", "action_flag": 3, "change_message": ""}}, {"model": "admin.logentry", "pk": 138, "fields": {"action_time": "2023-05-06T10:37:45.018Z", "user": 1, "content_type": 16, "object_id": "13", "object_repr": "2023050611493313", "action_flag": 3, "change_message": ""}}, {"model": "admin.logentry", "pk": 139, "fields": {"action_time": "2023-05-06T10:37:45.020Z", "user": 1, "content_type": 16, "object_id": "12", "object_repr": "2023050611490412", "action_flag": 3, "change_message": ""}}, {"model": "admin.logentry", "pk": 140, "fields": {"action_time": "2023-05-06T10:37:45.021Z", "user": 1, "content_type": 16, "object_id": "11", "object_repr": "2023050611484511", "action_flag": 3, "change_message": ""}}, {"model": "admin.logentry", "pk": 141, "fields": {"action_time": "2023-05-06T10:37:45.023Z", "user": 1, "content_type": 16, "object_id": "10", "object_repr": "2023050611480010", "action_flag": 3, "change_message": ""}}, {"model": "admin.logentry", "pk": 142, "fields": {"action_time": "2023-05-06T10:37:45.024Z", "user": 1, "content_type": 16, "object_id": "9", "object_repr": "202305061147569", "action_flag": 3, "change_message": ""}}, {"model": "admin.logentry", "pk": 143, "fields": {"action_time": "2023-05-06T10:37:45.026Z", "user": 1, "content_type": 16, "object_id": "8", "object_repr": "202305061147308", "action_flag": 3, "change_message": ""}}, {"model": "admin.logentry", "pk": 144, "fields": {"action_time": "2023-05-06T10:37:45.027Z", "user": 1, "content_type": 16, "object_id": "7", "object_repr": "202305061145367", "action_flag": 3, "change_message": ""}}, {"model": "admin.logentry", "pk": 145, "fields": {"action_time": "2023-05-06T10:37:45.029Z", "user": 1, "content_type": 16, "object_id": "6", "object_repr": "202305061144506", "action_flag": 3, "change_message": ""}}, {"model": "admin.logentry", "pk": 146, "fields": {"action_time": "2023-05-06T10:37:45.030Z", "user": 1, "content_type": 16, "object_id": "5", "object_repr": "202305061048065", "action_flag": 3, "change_message": ""}}, {"model": "admin.logentry", "pk": 147, "fields": {"action_time": "2023-05-06T10:37:45.032Z", "user": 1, "content_type": 16, "object_id": "4", "object_repr": "202305051831024", "action_flag": 3, "change_message": ""}}, {"model": "admin.logentry", "pk": 148, "fields": {"action_time": "2023-05-06T10:37:45.033Z", "user": 1, "content_type": 16, "object_id": "3", "object_repr": "20230505182926None", "action_flag": 3, "change_message": ""}}, {"model": "admin.logentry", "pk": 149, "fields": {"action_time": "2023-05-06T10:37:45.035Z", "user": 1, "content_type": 16, "object_id": "2", "object_repr": "123", "action_flag": 3, "change_message": ""}}, {"model": "admin.logentry", "pk": 150, "fields": {"action_time": "2023-05-06T10:42:11.624Z", "user": 1, "content_type": 16, "object_id": "32", "object_repr": "245764939", "action_flag": 1, "change_message": "[{\"added\": {}}]"}}, {"model": "admin.logentry", "pk": 151, "fields": {"action_time": "2023-05-06T10:43:49.521Z", "user": 1, "content_type": 16, "object_id": "33", "object_repr": "24658430", "action_flag": 1, "change_message": "[{\"added\": {}}]"}}, {"model": "admin.logentry", "pk": 152, "fields": {"action_time": "2023-05-06T10:45:14.017Z", "user": 1, "content_type": 16, "object_id": "34", "object_repr": "98765432", "action_flag": 1, "change_message": "[{\"added\": {}}]"}}, {"model": "admin.logentry", "pk": 153, "fields": {"action_time": "2023-05-06T11:21:15.576Z", "user": 1, "content_type": 16, "object_id": "38", "object_repr": "12345678", "action_flag": 1, "change_message": "[{\"added\": {}}]"}}, {"model": "auth.permission", "pk": 1, "fields": {"name": "Can add log entry", "content_type": 1, "codename": "add_logentry"}}, {"model": "auth.permission", "pk": 2, "fields": {"name": "Can change log entry", "content_type": 1, "codename": "change_logentry"}}, {"model": "auth.permission", "pk": 3, "fields": {"name": "Can delete log entry", "content_type": 1, "codename": "delete_logentry"}}, {"model": "auth.permission", "pk": 4, "fields": {"name": "Can view log entry", "content_type": 1, "codename": "view_logentry"}}, {"model": "auth.permission", "pk": 5, "fields": {"name": "Can add permission", "content_type": 2, "codename": "add_permission"}}, {"model": "auth.permission", "pk": 6, "fields": {"name": "Can change permission", "content_type": 2, "codename": "change_permission"}}, {"model": "auth.permission", "pk": 7, "fields": {"name": "Can delete permission", "content_type": 2, "codename": "delete_permission"}}, {"model": "auth.permission", "pk": 8, "fields": {"name": "Can view permission", "content_type": 2, "codename": "view_permission"}}, {"model": "auth.permission", "pk": 9, "fields": {"name": "Can add group", "content_type": 3, "codename": "add_group"}}, {"model": "auth.permission", "pk": 10, "fields": {"name": "Can change group", "content_type": 3, "codename": "change_group"}}, {"model": "auth.permission", "pk": 11, "fields": {"name": "Can delete group", "content_type": 3, "codename": "delete_group"}}, {"model": "auth.permission", "pk": 12, "fields": {"name": "Can view group", "content_type": 3, "codename": "view_group"}}, {"model": "auth.permission", "pk": 13, "fields": {"name": "Can add content type", "content_type": 4, "codename": "add_contenttype"}}, {"model": "auth.permission", "pk": 14, "fields": {"name": "Can change content type", "content_type": 4, "codename": "change_contenttype"}}, {"model": "auth.permission", "pk": 15, "fields": {"name": "Can delete content type", "content_type": 4, "codename": "delete_contenttype"}}, {"model": "auth.permission", "pk": 16, "fields": {"name": "Can view content type", "content_type": 4, "codename": "view_contenttype"}}, {"model": "auth.permission", "pk": 17, "fields": {"name": "Can add session", "content_type": 5, "codename": "add_session"}}, {"model": "auth.permission", "pk": 18, "fields": {"name": "Can change session", "content_type": 5, "codename": "change_session"}}, {"model": "auth.permission", "pk": 19, "fields": {"name": "Can delete session", "content_type": 5, "codename": "delete_session"}}, {"model": "auth.permission", "pk": 20, "fields": {"name": "Can view session", "content_type": 5, "codename": "view_session"}}, {"model": "auth.permission", "pk": 21, "fields": {"name": "Can add user", "content_type": 6, "codename": "add_user"}}, {"model": "auth.permission", "pk": 22, "fields": {"name": "Can change user", "content_type": 6, "codename": "change_user"}}, {"model": "auth.permission", "pk": 23, "fields": {"name": "Can delete user", "content_type": 6, "codename": "delete_user"}}, {"model": "auth.permission", "pk": 24, "fields": {"name": "Can view user", "content_type": 6, "codename": "view_user"}}, {"model": "auth.permission", "pk": 25, "fields": {"name": "Can add user profile", "content_type": 7, "codename": "add_userprofile"}}, {"model": "auth.permission", "pk": 26, "fields": {"name": "Can change user profile", "content_type": 7, "codename": "change_userprofile"}}, {"model": "auth.permission", "pk": 27, "fields": {"name": "Can delete user profile", "content_type": 7, "codename": "delete_userprofile"}}, {"model": "auth.permission", "pk": 28, "fields": {"name": "Can view user profile", "content_type": 7, "codename": "view_userprofile"}}, {"model": "auth.permission", "pk": 29, "fields": {"name": "Can add vendor", "content_type": 8, "codename": "add_vendor"}}, {"model": "auth.permission", "pk": 30, "fields": {"name": "Can change vendor", "content_type": 8, "codename": "change_vendor"}}, {"model": "auth.permission", "pk": 31, "fields": {"name": "Can delete vendor", "content_type": 8, "codename": "delete_vendor"}}, {"model": "auth.permission", "pk": 32, "fields": {"name": "Can view vendor", "content_type": 8, "codename": "view_vendor"}}, {"model": "auth.permission", "pk": 33, "fields": {"name": "Can add food item", "content_type": 9, "codename": "add_fooditem"}}, {"model": "auth.permission", "pk": 34, "fields": {"name": "Can change food item", "content_type": 9, "codename": "change_fooditem"}}, {"model": "auth.permission", "pk": 35, "fields": {"name": "Can delete food item", "content_type": 9, "codename": "delete_fooditem"}}, {"model": "auth.permission", "pk": 36, "fields": {"name": "Can view food item", "content_type": 9, "codename": "view_fooditem"}}, {"model": "auth.permission", "pk": 37, "fields": {"name": "Can add category", "content_type": 10, "codename": "add_category"}}, {"model": "auth.permission", "pk": 38, "fields": {"name": "Can change category", "content_type": 10, "codename": "change_category"}}, {"model": "auth.permission", "pk": 39, "fields": {"name": "Can delete category", "content_type": 10, "codename": "delete_category"}}, {"model": "auth.permission", "pk": 40, "fields": {"name": "Can view category", "content_type": 10, "codename": "view_category"}}, {"model": "auth.permission", "pk": 41, "fields": {"name": "Can add cart", "content_type": 11, "codename": "add_cart"}}, {"model": "auth.permission", "pk": 42, "fields": {"name": "Can change cart", "content_type": 11, "codename": "change_cart"}}, {"model": "auth.permission", "pk": 43, "fields": {"name": "Can delete cart", "content_type": 11, "codename": "delete_cart"}}, {"model": "auth.permission", "pk": 44, "fields": {"name": "Can view cart", "content_type": 11, "codename": "view_cart"}}, {"model": "auth.permission", "pk": 45, "fields": {"name": "Can add opening hour", "content_type": 12, "codename": "add_openinghour"}}, {"model": "auth.permission", "pk": 46, "fields": {"name": "Can change opening hour", "content_type": 12, "codename": "change_openinghour"}}, {"model": "auth.permission", "pk": 47, "fields": {"name": "Can delete opening hour", "content_type": 12, "codename": "delete_openinghour"}}, {"model": "auth.permission", "pk": 48, "fields": {"name": "Can view opening hour", "content_type": 12, "codename": "view_openinghour"}}, {"model": "auth.permission", "pk": 49, "fields": {"name": "Can add tax", "content_type": 13, "codename": "add_tax"}}, {"model": "auth.permission", "pk": 50, "fields": {"name": "Can change tax", "content_type": 13, "codename": "change_tax"}}, {"model": "auth.permission", "pk": 51, "fields": {"name": "Can delete tax", "content_type": 13, "codename": "delete_tax"}}, {"model": "auth.permission", "pk": 52, "fields": {"name": "Can view tax", "content_type": 13, "codename": "view_tax"}}, {"model": "auth.permission", "pk": 53, "fields": {"name": "Can add ordered food", "content_type": 14, "codename": "add_orderedfood"}}, {"model": "auth.permission", "pk": 54, "fields": {"name": "Can change ordered food", "content_type": 14, "codename": "change_orderedfood"}}, {"model": "auth.permission", "pk": 55, "fields": {"name": "Can delete ordered food", "content_type": 14, "codename": "delete_orderedfood"}}, {"model": "auth.permission", "pk": 56, "fields": {"name": "Can view ordered food", "content_type": 14, "codename": "view_orderedfood"}}, {"model": "auth.permission", "pk": 57, "fields": {"name": "Can add payment", "content_type": 15, "codename": "add_payment"}}, {"model": "auth.permission", "pk": 58, "fields": {"name": "Can change payment", "content_type": 15, "codename": "change_payment"}}, {"model": "auth.permission", "pk": 59, "fields": {"name": "Can delete payment", "content_type": 15, "codename": "delete_payment"}}, {"model": "auth.permission", "pk": 60, "fields": {"name": "Can view payment", "content_type": 15, "codename": "view_payment"}}, {"model": "auth.permission", "pk": 61, "fields": {"name": "Can add order", "content_type": 16, "codename": "add_order"}}, {"model": "auth.permission", "pk": 62, "fields": {"name": "Can change order", "content_type": 16, "codename": "change_order"}}, {"model": "auth.permission", "pk": 63, "fields": {"name": "Can delete order", "content_type": 16, "codename": "delete_order"}}, {"model": "auth.permission", "pk": 64, "fields": {"name": "Can view order", "content_type": 16, "codename": "view_order"}}, {"model": "contenttypes.contenttype", "pk": 1, "fields": {"app_label": "admin", "model": "logentry"}}, {"model": "contenttypes.contenttype", "pk": 2, "fields": {"app_label": "auth", "model": "permission"}}, {"model": "contenttypes.contenttype", "pk": 3, "fields": {"app_label": "auth", "model": "group"}}, {"model": "contenttypes.contenttype", "pk": 4, "fields": {"app_label": "contenttypes", "model": "contenttype"}}, {"model": "contenttypes.contenttype", "pk": 5, "fields": {"app_label": "sessions", "model": "session"}}, {"model": "contenttypes.contenttype", "pk": 6, "fields": {"app_label": "accounts", "model": "user"}}, {"model": "contenttypes.contenttype", "pk": 7, "fields": {"app_label": "accounts", "model": "userprofile"}}, {"model": "contenttypes.contenttype", "pk": 8, "fields": {"app_label": "vendor", "model": "vendor"}}, {"model": "contenttypes.contenttype", "pk": 9, "fields": {"app_label": "menu", "model": "fooditem"}}, {"model": "contenttypes.contenttype", "pk": 10, "fields": {"app_label": "menu", "model": "category"}}, {"model": "contenttypes.contenttype", "pk": 11, "fields": {"app_label": "marketplace", "model": "cart"}}, {"model": "contenttypes.contenttype", "pk": 12, "fields": {"app_label": "vendor", "model": "openinghour"}}, {"model": "contenttypes.contenttype", "pk": 13, "fields": {"app_label": "marketplace", "model": "tax"}}, {"model": "contenttypes.contenttype", "pk": 14, "fields": {"app_label": "orders", "model": "orderedfood"}}, {"model": "contenttypes.contenttype", "pk": 15, "fields": {"app_label": "orders", "model": "payment"}}, {"model": "contenttypes.contenttype", "pk": 16, "fields": {"app_label": "orders", "model": "order"}}, {"model": "sessions.session", "pk": "2eeyn9rorlziq910a4n25g6tr1vf9z3z", "fields": {"session_data": ".eJxVjEEOwiAQRe_C2hAGnEJduu8ZyMAMUjVtUtqV8e7apAvd_vfef6lI21rj1mSJI6uLAnX63RLlh0w74DtNt1nneVqXMeld0QdtephZntfD_Tuo1Oq3RuoTOzAohkA8e0TvAInZOG97iwFzJyAcIDAFa_BcenIAXEruKKv3B9FoN8g:1ptpOH:rVv-aSvHGmpVeUzqU65q8gfwkN5oXMsm_p3V8K7KUNg", "expire_date": "2023-05-16T12:45:57.499Z"}}, {"model": "sessions.session", "pk": "4r5j70ewezzfky6r4yizudm4oj68hd9e", "fields": {"session_data": "eyJsYXQiOiIxOS4xNzU4MzM2IiwibG5nIjoiNzcuMzAyOTg4OCJ9:1puaBM:LGsxiE1QWa1EKCwhtZwWu3K4JWAqJc8tUYpQisDXX9g", "expire_date": "2023-05-18T14:43:44.760Z"}}, {"model": "sessions.session", "pk": "hgeq7qxse6iyc9ravyizpmjhnzbf0wma", "fields": {"session_data": ".eJxVjEsOAiEQBe_C2hBAvi7dewZCN42MGkiGmZXx7oZkFrp9VfXeLKZ9q3EftMYlswtTgZ1-R0j4pDZJfqR27xx729YF-FT4QQe_9Uyv6-H-HdQ06qzPYCUWq5TQWVKxLuvkbArKG1ReoLXkSYMhNNkDCI2BgJyHIp2Cwj5fFxg41Q:1peYzE:7dHuw7DVZwW3ViN0-9FquWZWfLk_o5Nk1zpMIDQ02Gw", "expire_date": "2023-04-04T10:13:00.420Z"}}, {"model": "sessions.session", "pk": "luskrhu9m8hahfilpzhgjraol5igdwzj", "fields": {"session_data": ".eJxVjEEOwiAQRe_C2hAGnEJduu8ZyMAMUjVtUtqV8e7apAvd_vfef6lI21rj1mSJI6uLAnX63RLlh0w74DtNt1nneVqXMeld0QdtephZntfD_Tuo1Oq3RuoTOzAohkA8e0TvAInZOG97iwFzJyAcIDAFa_BcenIAXEruKKv3B9FoN8g:1przlV:Yc9g0f2o1pt_WLTyGAudLOoclDEEYTvoVRvdXK1hXN4", "expire_date": "2023-05-11T11:26:21.151Z"}}, {"model": "sessions.session", "pk": "sjzuk51zpl42hzecmvkatomgvghaqc48", "fields": {"session_data": ".eJxVjEEOwiAQRe_C2hAGnEJduu8ZyMAMUjVtUtqV8e7apAvd_vfef6lI21rj1mSJI6uLAnX63RLlh0w74DtNt1nneVqXMeld0QdtephZntfD_Tuo1Oq3RuoTOzAohkA8e0TvAInZOG97iwFzJyAcIDAFa_BcenIAXEruKKv3B9FoN8g:1peUuE:BHrCpCSW788i_umLsMraiY6Zk_hIh_Zo3l3qyjJ-f-w", "expire_date": "2023-04-04T05:51:34.443Z"}}, {"model": "sessions.session", "pk": "ve4iucmk3xnyqnf10gtw01866k25f8q4", "fields": {"session_data": ".eJxVjEEOwiAQRe_C2hAGnEJduu8ZyMAMUjVtUtqV8e7apAvd_vfef6lI21rj1mSJI6uLAnX63RLlh0w74DtNt1nneVqXMeld0QdtephZntfD_Tuo1Oq3RuoTOzAohkA8e0TvAInZOG97iwFzJyAcIDAFa_BcenIAXEruKKv3B9FoN8g:1pp0X6:ANK7geEvIKlDyNwHkbwEgOvjFkWxBA4DE6SSTYg5kko", "expire_date": "2023-05-03T05:39:08.379Z"}}, {"model": "sessions.session", "pk": "w2rxwqehi6hooev7jg1e2641nj8dmb6k", "fields": {"session_data": ".eJxVjEEOwiAQRe_C2hAGnEJduu8ZyMAMUjVtUtqV8e7apAvd_vfef6lI21rj1mSJI6uLAnX63RLlh0w74DtNt1nneVqXMeld0QdtephZntfD_Tuo1Oq3RuoTOzAohkA8e0TvAInZOG97iwFzJyAcIDAFa_BcenIAXEruKKv3B9FoN8g:1puuvq:_VM4kwC4Sb1HPqThvxM7aciMslbihopV2bHZBg_VFeU", "expire_date": "2023-05-19T12:53:06.846Z"}}, {"model": "sessions.session", "pk": "yi8l7wmzlxvjl18czs2v8exk5nibqbwo", "fields": {"session_data": ".eJxVjEEOwiAQRe_C2hAGnEJduu8ZyMAMUjVtUtqV8e7apAvd_vfef6lI21rj1mSJI6uLAnX63RLlh0w74DtNt1nneVqXMeld0QdtephZntfD_Tuo1Oq3RuoTOzAohkA8e0TvAInZOG97iwFzJyAcIDAFa_BcenIAXEruKKv3B9FoN8g:1pjGyW:kS231gdbbtCQ8VTX1hJTN-a6UnydU8soMvFE6pZHkOE", "expire_date": "2023-04-17T09:59:44.898Z"}}, {"model": "sessions.session", "pk": "zgtukafawg949noyl8ex3v62nkgp16yj", "fields": {"session_data": ".eJxVjEEOwiAQRe_C2hBhCIhL956BzDCDVA1NSrtqvLtt0oVu_3vvryrhMte0dJnSwOqqwKrT70iYX9J2wk9sj1Hnsc3TQHpX9EG7vo8s79vh_h1U7HWrgyMkkBKlBMYIQS7eCyJwNsGBZPDeEESK1kWiTS4GrTmzBObinfp8ATeVOVc:1pogG5:DUIn_kQwK6HeSlKPi-TkZUxsNo6puXwmyeWtkGdHzQs", "expire_date": "2023-05-02T08:00:13.368Z"}}, {"model": "accounts.user", "pk": 1, "fields": {"password": "pbkdf2_sha256$390000$u8Gyqhf2tqQkWQef0UIX8Z$8UndXY9aj/K75No50bo8782E8O9UuutIu1QZbat6uIQ=", "first_name": "snehal", "last_name": "deshpande", "username": "djangoadmin", "email": "snehaldeshpande943@gmail.com", "phone_number": "", "role": null, "date_joined": "2023-03-10T07:05:03.283Z", "last_login": "2023-05-05T12:53:06.798Z", "created_date": "2023-03-10T07:05:03.284Z", "modified_date": "2023-03-10T08:56:45.010Z", "is_admin": true, "is_staff": true, "is_active": true, "is_superadmin": true}}, {"model": "accounts.user", "pk": 34, "fields": {"password": "pbkdf2_sha256$390000$lFKP3SA85qRVpYIHbA6roj$MZeTlzVqohQXdZi9K8EuBnUL0FDc69DaVI5xzoF9/nc=", "first_name": "Snehal", "last_name": "Deshpande", "username": "snehaldeshpande", "email": "snehald8668@gmail.com", "phone_number": "1234567890", "role": 2, "date_joined": "2023-04-19T05:43:15.631Z", "last_login": "2023-05-10T06:40:26.569Z", "created_date": "2023-04-19T05:43:15.631Z", "modified_date": "2023-05-05T11:12:06.324Z", "is_admin": false, "is_staff": false, "is_active": true, "is_superadmin": false}}, {"model": "accounts.user", "pk": 36, "fields": {"password": "pbkdf2_sha256$390000$0hDCTJWgtWl3MjDKsBqQJ2$FsTOTvbFL9chnbpdpUkMe1r5vfgwvezOrr7ildD7xUI=", "first_name": "Shri", "last_name": "Pande", "username": "Shri", "email": "shrivendor21@gmail.com", "phone_number": "", "role": 1, "date_joined": "2023-04-26T09:52:41.895Z", "last_login": "2023-05-10T11:16:02.797Z", "created_date": "2023-04-26T09:52:41.895Z", "modified_date": "2023-04-26T09:54:01.768Z", "is_admin": false, "is_staff": false, "is_active": true, "is_superadmin": false}}, {"model": "accounts.user", "pk": 37, "fields": {"password": "pbkdf2_sha256$390000$EzopTMk97HXZYtUNmES9Jf$hafQRZnU7NMTBOWvBtNFc+CcmhL9BJ/NgQ6LRT1TsFY=", "first_name": "Second", "last_name": "Restaurant", "username": "vendor2", "email": "foodvendor32@gmail.com", "phone_number": "", "role": 1, "date_joined": "2023-05-02T06:41:53.915Z", "last_login": "2023-05-03T15:06:52.486Z", "created_date": "2023-05-02T06:41:53.915Z", "modified_date": "2023-05-02T06:42:26.005Z", "is_admin": false, "is_staff": false, "is_active": true, "is_superadmin": false}}, {"model": "accounts.user", "pk": 38, "fields": {"password": "pbkdf2_sha256$390000$LQqxxLyOksUCMtAeOO3T9H$4c6RfkdzmvlgcKloSI0Sf00OOuKMScgZCS+iBskE5AI=", "first_name": "Third", "last_name": "Restaurant", "username": "Vendor2", "email": "vendor2.food@gmail.com", "phone_number": "", "role": 1, "date_joined": "2023-05-04T10:52:13.332Z", "last_login": "2023-05-04T10:52:45.682Z", "created_date": "2023-05-04T10:52:13.332Z", "modified_date": "2023-05-04T10:52:25.391Z", "is_admin": false, "is_staff": false, "is_active": true, "is_superadmin": false}}, {"model": "accounts.user", "pk": 39, "fields": {"password": "pbkdf2_sha256$390000$MAv9yBQmGQw9MxKAyonb9c$Lvd1EuKIgHBt3X70EiCI/jjgm7tRhivdHOn5MJMFH6g=", "first_name": "Snehal", "last_name": "Deshpande", "username": "Sneh", "email": "2019bcs025@sggs.ac.in", "phone_number": "", "role": 2, "date_joined": "2023-05-06T13:05:58.284Z", "last_login": "2023-05-06T13:33:06.678Z", "created_date": "2023-05-06T13:05:58.284Z", "modified_date": "2023-05-06T13:32:23.476Z", "is_admin": false, "is_staff": false, "is_active": true, "is_superadmin": false}}, {"model": "accounts.userprofile", "pk": 11, "fields": {"user": 1, "profile_picture": "", "cover_photo": "", "address": null, "country": null, "state": null, "city": null, "pin_code": null, "latitude": null, "longitude": null, "location": null, "created_at": "2023-03-15T10:21:09.268Z", "modified_at": "2023-05-05T12:53:06.838Z"}}, {"model": "accounts.userprofile", "pk": 33, "fields": {"user": 34, "profile_picture": "users/profile_pictures/pexels-andrea-piacquadio-762020_r6bebPT.jpg", "cover_photo": "users/cover_photos/cover-photo-4_gGs32YS.PNG", "address": "Nanded, Maharashtra, India", "country": "India", "state": "Maharashtra", "city": "Nanded", "pin_code": null, "latitude": "19.1382514", "longitude": "77.3209555", "location": "SRID=4326;POINT (77.3209555 19.1382514)", "created_at": "2023-04-19T05:43:15.639Z", "modified_at": "2023-05-10T06:40:26.586Z"}}, {"model": "accounts.userprofile", "pk": 35, "fields": {"user": 36, "profile_picture": "users/profile_pictures/italian-pizza-600x600.jpg", "cover_photo": "users/cover_photos/cover-photo-4_9ZoEVSX.PNG", "address": "Mumbai Central railway station building, Mumbai Central, Mumbai, Maharashtra, India", "country": "India", "state": "Maharashtra", "city": "Mumbai", "pin_code": "400008", "latitude": "18.969539", "longitude": "72.819329", "location": "SRID=4326;POINT (72.819329 18.969539)", "created_at": "2023-04-26T09:52:41.900Z", "modified_at": "2023-05-10T11:16:02.820Z"}}, {"model": "accounts.userprofile", "pk": 36, "fields": {"user": 37, "profile_picture": "users/profile_pictures/burger-600x600_BkIVOKy.jpg", "cover_photo": "users/cover_photos/cover-photo-4_sBxpTue.PNG", "address": null, "country": null, "state": null, "city": null, "pin_code": null, "latitude": null, "longitude": null, "location": null, "created_at": "2023-05-02T06:41:53.935Z", "modified_at": "2023-05-03T15:06:52.493Z"}}, {"model": "accounts.userprofile", "pk": 37, "fields": {"user": 38, "profile_picture": "users/profile_pictures/profile-picture-5.PNG", "cover_photo": "users/cover_photos/cover-photo-2.PNG", "address": "Delhi Cantt Railway Station, Jail Road, Nangal Village, Delhi Cantonment, New Delhi, Delhi, India", "country": "India", "state": "Delhi", "city": "New Delhi", "pin_code": "110010", "latitude": "28.6210382", "longitude": "77.1072595", "location": "SRID=4326;POINT (77.1072595 28.6210382)", "created_at": "2023-05-04T10:52:13.344Z", "modified_at": "2023-05-04T12:51:24.714Z"}}, {"model": "accounts.userprofile", "pk": 38, "fields": {"user": 39, "profile_picture": "", "cover_photo": "", "address": null, "country": null, "state": null, "city": null, "pin_code": null, "latitude": null, "longitude": null, "location": null, "created_at": "2023-05-06T13:05:58.297Z", "modified_at": "2023-05-06T13:33:06.692Z"}}, {"model": "vendor.vendor", "pk": 13, "fields": {"user": 36, "user_profile": 35, "vendor_name": "Banglore Bakery", "vendor_slug": "banglore-bakery", "vendor_license": "vendor/license/Screenshot_87_lPOHNLu.png", "is_approved": true, "created_at": "2023-04-26T09:52:41.914Z", "modified_at": "2023-05-04T14:04:39.107Z"}}, {"model": "vendor.vendor", "pk": 14, "fields": {"user": 37, "user_profile": 36, "vendor_name": "Second Restaurant", "vendor_slug": "second-restaurant", "vendor_license": "vendor/license/Screenshot_100.png", "is_approved": true, "created_at": "2023-05-02T06:41:53.999Z", "modified_at": "2023-05-04T14:04:36.159Z"}}, {"model": "vendor.vendor", "pk": 15, "fields": {"user": 38, "user_profile": 37, "vendor_name": "Third Restaurant", "vendor_slug": "third-restaurant-38", "vendor_license": "vendor/license/Screenshot_87_wTz575M.png", "is_approved": true, "created_at": "2023-05-04T10:52:13.388Z", "modified_at": "2023-05-04T14:04:32.554Z"}}, {"model": "vendor.openinghour", "pk": 31, "fields": {"vendor": 13, "day": 1, "from_hour": "07:30 AM", "to_hour": "05:30 PM", "is_closed": false}}, {"model": "vendor.openinghour", "pk": 32, "fields": {"vendor": 13, "day": 2, "from_hour": "11:00 AM", "to_hour": "06:30 PM", "is_closed": false}}, {"model": "vendor.openinghour", "pk": 33, "fields": {"vendor": 13, "day": 7, "from_hour": "09:00 AM", "to_hour": "", "is_closed": true}}, {"model": "vendor.openinghour", "pk": 36, "fields": {"vendor": 13, "day": 5, "from_hour": "09:00 AM", "to_hour": "09:30 PM", "is_closed": false}}, {"model": "menu.category", "pk": 1, "fields": {"vendor": 13, "category_name": "Burgers", "slug": "burgers-1", "description": "Test Category test", "created_at": "2023-04-27T10:25:13.972Z", "updated_at": "2023-04-27T13:49:31.121Z"}}, {"model": "menu.category", "pk": 2, "fields": {"vendor": 13, "category_name": "Pizza", "slug": "pizza-2", "description": "", "created_at": "2023-04-27T10:29:46.628Z", "updated_at": "2023-05-02T11:03:01.746Z"}}, {"model": "menu.category", "pk": 3, "fields": {"vendor": 13, "category_name": "Sea food", "slug": "sea-food", "description": "", "created_at": "2023-04-27T10:37:36.139Z", "updated_at": "2023-04-27T10:37:36.139Z"}}, {"model": "menu.category", "pk": 4, "fields": {"vendor": 13, "category_name": "chicken", "slug": "chicken", "description": "", "created_at": "2023-04-27T10:37:53.643Z", "updated_at": "2023-04-27T10:37:53.643Z"}}, {"model": "menu.category", "pk": 8, "fields": {"vendor": 13, "category_name": "Indian food", "slug": "indian-food-None", "description": "", "created_at": "2023-04-30T15:33:42.974Z", "updated_at": "2023-04-30T15:33:42.974Z"}}, {"model": "menu.category", "pk": 9, "fields": {"vendor": 14, "category_name": "Vendor2 cat", "slug": "vendor2-cat-None", "description": "Test Category", "created_at": "2023-05-02T06:55:27.747Z", "updated_at": "2023-05-02T06:55:27.747Z"}}, {"model": "menu.category", "pk": 10, "fields": {"vendor": 14, "category_name": "Category 12", "slug": "category-12-None", "description": "Test", "created_at": "2023-05-02T07:06:28.838Z", "updated_at": "2023-05-02T07:06:28.838Z"}}, {"model": "menu.category", "pk": 11, "fields": {"vendor": 15, "category_name": "Chicken", "slug": "chicken-11", "description": "", "created_at": "2023-05-04T11:04:32.154Z", "updated_at": "2023-05-04T11:04:32.161Z"}}, {"model": "menu.category", "pk": 12, "fields": {"vendor": 15, "category_name": "Indian food", "slug": "indian-food-12", "description": "", "created_at": "2023-05-04T11:05:28.661Z", "updated_at": "2023-05-04T11:05:28.667Z"}}, {"model": "menu.fooditem", "pk": 1, "fields": {"vendor": 13, "category": 1, "food_title": "Burger One", "slug": "burger-one", "description": "Burger update", "price": "20.00", "image": "foodimages/seafood-600x600.jpg", "is_available": false, "created_at": "2023-04-27T10:44:16.707Z", "updated_at": "2023-05-02T06:38:19.901Z"}}, {"model": "menu.fooditem", "pk": 3, "fields": {"vendor": 13, "category": 4, "food_title": "Barbeque Chicken", "slug": "barbeque-chicken", "description": "", "price": "30.00", "image": "foodimages/chicken-barbeque.jpg", "is_available": true, "created_at": "2023-04-27T11:28:20.832Z", "updated_at": "2023-04-27T11:28:20.832Z"}}, {"model": "menu.fooditem", "pk": 5, "fields": {"vendor": 13, "category": 8, "food_title": "Curry", "slug": "curry", "description": "", "price": "20.00", "image": "foodimages/profile-picture-4.PNG", "is_available": true, "created_at": "2023-04-30T15:34:41.521Z", "updated_at": "2023-04-30T15:34:41.521Z"}}, {"model": "menu.fooditem", "pk": 6, "fields": {"vendor": 13, "category": 2, "food_title": "Italian Pizza", "slug": "italian-pizza", "description": "", "price": "2.50", "image": "foodimages/brand_pic3_8j02bBf.jpg", "is_available": true, "created_at": "2023-05-02T11:03:48.005Z", "updated_at": "2023-05-02T11:03:48.005Z"}}, {"model": "menu.fooditem", "pk": 7, "fields": {"vendor": 13, "category": 2, "food_title": "Pizza One", "slug": "pizza-one", "description": "", "price": "2.50", "image": "foodimages/pizza-600x600.jpg", "is_available": true, "created_at": "2023-05-02T11:04:16.069Z", "updated_at": "2023-05-02T11:04:16.069Z"}}, {"model": "menu.fooditem", "pk": 8, "fields": {"vendor": 13, "category": 3, "food_title": "Some Food", "slug": "some-food", "description": "", "price": "2.50", "image": "foodimages/seafood-600x600_CayESEw.jpg", "is_available": true, "created_at": "2023-05-02T11:04:38.431Z", "updated_at": "2023-05-02T11:04:38.431Z"}}, {"model": "menu.fooditem", "pk": 9, "fields": {"vendor": 14, "category": 9, "food_title": "BBQ Chicken", "slug": "bbq-chicken", "description": "", "price": "10.00", "image": "foodimages/chicken-barbeque_LJ6YEjh.jpg", "is_available": true, "created_at": "2023-05-03T15:07:42.642Z", "updated_at": "2023-05-03T15:07:42.642Z"}}, {"model": "menu.fooditem", "pk": 10, "fields": {"vendor": 14, "category": 10, "food_title": "Butter Chiken", "slug": "butter-chiken", "description": "", "price": "12.00", "image": "foodimages/chicken-600x600_lqNhZqd.jpg", "is_available": true, "created_at": "2023-05-03T15:08:16.348Z", "updated_at": "2023-05-03T15:08:16.348Z"}}, {"model": "menu.fooditem", "pk": 11, "fields": {"vendor": 15, "category": 11, "food_title": "Chicken Test", "slug": "chicken-test", "description": "", "price": "10.00", "image": "foodimages/chicken-600x600_n2a3VGc.jpg", "is_available": true, "created_at": "2023-05-04T11:05:08.406Z", "updated_at": "2023-05-04T11:05:08.406Z"}}, {"model": "menu.fooditem", "pk": 13, "fields": {"vendor": 15, "category": 12, "food_title": "Rice", "slug": "rice", "description": "", "price": "20.00", "image": "foodimages/steam-rice.jpg", "is_available": true, "created_at": "2023-05-04T11:06:25.501Z", "updated_at": "2023-05-04T11:06:55.880Z"}}, {"model": "marketplace.cart", "pk": 54, "fields": {"user": 36, "fooditem": 6, "quantity": 1, "created_at": "2023-05-05T08:38:13.771Z", "updated_at": "2023-05-05T08:38:13.771Z"}}, {"model": "marketplace.cart", "pk": 67, "fields": {"user": 39, "fooditem": 6, "quantity": 1, "created_at": "2023-05-06T13:33:19.400Z", "updated_at": "2023-05-06T13:33:19.400Z"}}, {"model": "marketplace.cart", "pk": 68, "fields": {"user": 39, "fooditem": 7, "quantity": 1, "created_at": "2023-05-06T13:33:20.300Z", "updated_at": "2023-05-06T13:33:20.300Z"}}, {"model": "marketplace.tax", "pk": 1, "fields": {"tax_type": "CGST", "tax_percentage": "9.00", "is_active": true}}, {"model": "marketplace.tax", "pk": 2, "fields": {"tax_type": "SGST", "tax_percentage": "7.00", "is_active": true}}, {"model": "orders.payment", "pk": 1, "fields": {"user": 34, "transaction_id": "43336743S9863505L", "payment_method": "PayPal", "amount": "75.4", "status": "COMPLETED", "created_at": "2023-05-06T07:52:54.531Z"}}, {"model": "orders.payment", "pk": 2, "fields": {"user": 34, "transaction_id": "50898501337822050", "payment_method": "PayPal", "amount": "110.2", "status": "COMPLETED", "created_at": "2023-05-06T07:55:09.925Z"}}, {"model": "orders.payment", "pk": 3, "fields": {"user": 34, "transaction_id": "56X84424VR502794S", "payment_method": "PayPal", "amount": "72.5", "status": "COMPLETED", "created_at": "2023-05-06T08:18:51.477Z"}}, {"model": "orders.payment", "pk": 4, "fields": {"user": 34, "transaction_id": "4VE14527FH8503543", "payment_method": "PayPal", "amount": "72.5", "status": "COMPLETED", "created_at": "2023-05-06T08:24:14.447Z"}}, {"model": "orders.payment", "pk": 5, "fields": {"user": 34, "transaction_id": "pay_LmK4cjNMtB1uZ1", "payment_method": "RazorPay", "amount": "37.7", "status": "Success", "created_at": "2023-05-06T09:10:57.239Z"}}, {"model": "orders.payment", "pk": 6, "fields": {"user": 34, "transaction_id": "pay_LmK7CaUic9tjZr", "payment_method": "RazorPay", "amount": "37.7", "status": "Success", "created_at": "2023-05-06T09:13:15.896Z"}}, {"model": "orders.payment", "pk": 7, "fields": {"user": 34, "transaction_id": "9GX72258T5538405V", "payment_method": "PayPal", "amount": "63.22", "status": "COMPLETED", "created_at": "2023-05-06T10:58:01.445Z"}}, {"model": "orders.payment", "pk": 8, "fields": {"user": 34, "transaction_id": "2B483900TL505124H", "payment_method": "PayPal", "amount": "63.22", "status": "COMPLETED", "created_at": "2023-05-06T11:25:29.449Z"}}, {"model": "orders.payment", "pk": 9, "fields": {"user": 34, "transaction_id": "0EB86147GF5664707", "payment_method": "PayPal", "amount": "100.34", "status": "COMPLETED", "created_at": "2023-05-06T12:19:05.762Z"}}, {"model": "orders.payment", "pk": 10, "fields": {"user": 39, "transaction_id": "0ME31084VD786583J", "payment_method": "PayPal", "amount": "5.8", "status": "COMPLETED", "created_at": "2023-05-06T13:34:15.055Z"}}, {"model": "orders.order", "pk": 32, "fields": {"user": 34, "payment": 4, "order_number": "245764939", "first_name": "fhdudnu", "last_name": "nsfjfnjdo", "phone": "fjindni", "email": "snfdjejirh@gmail.com", "address": "cdufnu", "country": "aifjsikhmhk", "state": "vndio", "city": "sigjbif", "pin_code": "345623", "total": 100.0, "tax_data": null, "total_data": null, "total_tax": 20.0, "payment_method": "PayPal", "status": "New", "is_ordered": true, "created_at": "2023-05-06T10:42:11.605Z", "updated_at": "2023-05-06T10:42:11.605Z", "vendors": [15, 14, 13]}}, {"model": "orders.order", "pk": 33, "fields": {"user": 34, "payment": null, "order_number": "24658430", "first_name": "fhvncu", "last_name": "asdfghjk", "phone": "23456678", "email": "asdf@gmail.com", "address": "asfhdfghj", "country": "lkjhgfdsa", "state": "sdfghj", "city": "vtjhgijn", "pin_code": "123456", "total": 120.0, "tax_data": null, "total_data": null, "total_tax": 25.0, "payment_method": "PayPal", "status": "New", "is_ordered": true, "created_at": "2023-05-06T10:43:49.508Z", "updated_at": "2023-05-06T10:43:49.508Z", "vendors": [15, 14]}}, {"model": "orders.order", "pk": 34, "fields": {"user": 34, "payment": 3, "order_number": "98765432", "first_name": "asdfgh", "last_name": "wiekdfjmvb", "phone": "4567890", "email": "bgrdfgvb@gmail.com", "address": "asdfgh", "country": "jhgfds", "state": "cdsmkofg", "city": "zxcvbn", "pin_code": "654321", "total": 200.0, "tax_data": null, "total_data": null, "total_tax": 30.0, "payment_method": "PayPal", "status": "New", "is_ordered": true, "created_at": "2023-05-06T10:45:14.003Z", "updated_at": "2023-05-06T10:45:14.003Z", "vendors": [13]}}, {"model": "orders.order", "pk": 35, "fields": {"user": 34, "payment": 7, "order_number": "2023050616272735", "first_name": "Snehal", "last_name": "Deshpande", "phone": "1234567890", "email": "snehald8668@gmail.com", "address": "Nanded, Maharashtra, India", "country": "India", "state": "Maharashtra", "city": "Nanded", "pin_code": "431605", "total": 63.22, "tax_data": "{\"CGST\": {\"9.00\": 4.90}, \"SGST\": {\"7.00\": 3.82}}", "total_data": null, "total_tax": 8.72, "payment_method": "PayPal", "status": "New", "is_ordered": true, "created_at": "2023-05-06T10:57:27.049Z", "updated_at": "2023-05-06T10:58:01.450Z", "vendors": []}}, {"model": "orders.order", "pk": 36, "fields": {"user": 34, "payment": null, "order_number": "2023050616313736", "first_name": "Snehal", "last_name": "Deshpande", "phone": "1234567890", "email": "snehald8668@gmail.com", "address": "Nanded, Maharashtra, India", "country": "India", "state": "Maharashtra", "city": "Nanded", "pin_code": "431605", "total": 63.22, "tax_data": "{\"CGST\": {\"9.00\": 4.90}, \"SGST\": {\"7.00\": 3.82}}", "total_data": null, "total_tax": 8.72, "payment_method": "PayPal", "status": "New", "is_ordered": false, "created_at": "2023-05-06T11:01:37.091Z", "updated_at": "2023-05-06T11:01:37.098Z", "vendors": []}}, {"model": "orders.order", "pk": 37, "fields": {"user": 34, "payment": null, "order_number": "2023050616333537", "first_name": "Snehal", "last_name": "Deshpande", "phone": "1234567890", "email": "snehald8668@gmail.com", "address": "Nanded, Maharashtra, India", "country": "India", "state": "Maharashtra", "city": "Nanded", "pin_code": "431605", "total": 63.22, "tax_data": "{\"CGST\": {\"9.00\": 4.90}, \"SGST\": {\"7.00\": 3.82}}", "total_data": null, "total_tax": 8.72, "payment_method": "PayPal", "status": "New", "is_ordered": false, "created_at": "2023-05-06T11:03:35.533Z", "updated_at": "2023-05-06T11:03:35.548Z", "vendors": [15, 14, 13]}}, {"model": "orders.order", "pk": 38, "fields": {"user": 34, "payment": 1, "order_number": "12345678", "first_name": "Snehal", "last_name": "Deshpande", "phone": "8668728687", "email": "snehald8668@gmail.com", "address": "Nanded", "country": "India", "state": "Maharashtra", "city": "Nanded", "pin_code": "431605", "total": 200.0, "tax_data": null, "total_data": null, "total_tax": 20.0, "payment_method": "PayPal", "status": "New", "is_ordered": true, "created_at": "2023-05-06T11:21:15.560Z", "updated_at": "2023-05-06T11:21:15.560Z", "vendors": [15, 14, 13]}}, {"model": "orders.order", "pk": 39, "fields": {"user": 34, "payment": 8, "order_number": "2023050616541439", "first_name": "Snehal", "last_name": "Deshpande", "phone": "1234567890", "email": "snehald8668@gmail.com", "address": "Nanded, Maharashtra, India", "country": "India", "state": "Maharashtra", "city": "Nanded", "pin_code": "431605", "total": 63.22, "tax_data": "{\"CGST\": {\"9.00\": 4.90}, \"SGST\": {\"7.00\": 3.82}}", "total_data": null, "total_tax": 8.72, "payment_method": "PayPal", "status": "New", "is_ordered": true, "created_at": "2023-05-06T11:24:14.845Z", "updated_at": "2023-05-06T11:25:29.455Z", "vendors": [15, 14, 13]}}, {"model": "orders.order", "pk": 40, "fields": {"user": 34, "payment": null, "order_number": "2023050617313040", "first_name": "Snehal", "last_name": "Deshpande", "phone": "1234567890", "email": "snehald8668@gmail.com", "address": "Nanded, Maharashtra, India", "country": "India", "state": "Maharashtra", "city": "Nanded", "pin_code": "431605", "total": 100.34, "tax_data": "{\"CGST\": {\"9.00\": 7.78}, \"SGST\": {\"7.00\": 6.06}}", "total_data": "{\"13\": {\"2.50\": \"{'CGST': {'9.00': '0.22'}, 'SGST': {'7.00': '0.18'}}\"}, \"15\": {\"40.00\": \"{'CGST': {'9.00': '3.60'}, 'SGST': {'7.00': '2.80'}}\"}, \"14\": {\"44.00\": \"{'CGST': {'9.00': '3.96'}, 'SGST': {'7.00': '3.08'}}\"}}", "total_tax": 13.84, "payment_method": "PayPal", "status": "New", "is_ordered": false, "created_at": "2023-05-06T12:01:30.013Z", "updated_at": "2023-05-06T12:01:30.025Z", "vendors": [15, 14, 13]}}, {"model": "orders.order", "pk": 41, "fields": {"user": 34, "payment": null, "order_number": "2023050617461641", "first_name": "Snehal", "last_name": "Deshpande", "phone": "1234567890", "email": "snehald8668@gmail.com", "address": "Nanded, Maharashtra, India", "country": "India", "state": "Maharashtra", "city": "Nanded", "pin_code": "431605", "total": 100.34, "tax_data": "{\"CGST\": {\"9.00\": 7.78}, \"SGST\": {\"7.00\": 6.06}}", "total_data": "{\"13\": {\"2.50\": \"{'CGST': {'9.00': '0.22'}, 'SGST': {'7.00': '0.18'}}\"}, \"15\": {\"40.00\": \"{'CGST': {'9.00': '3.60'}, 'SGST': {'7.00': '2.80'}}\"}, \"14\": {\"44.00\": \"{'CGST': {'9.00': '3.96'}, 'SGST': {'7.00': '3.08'}}\"}}", "total_tax": 13.84, "payment_method": "PayPal", "status": "New", "is_ordered": false, "created_at": "2023-05-06T12:16:16.926Z", "updated_at": "2023-05-06T12:16:16.938Z", "vendors": [15, 14, 13]}}, {"model": "orders.order", "pk": 42, "fields": {"user": 34, "payment": 9, "order_number": "2023050617482142", "first_name": "Snehal", "last_name": "Deshpande", "phone": "1234567890", "email": "snehald8668@gmail.com", "address": "Nanded, Maharashtra, India", "country": "India", "state": "Maharashtra", "city": "Nanded", "pin_code": "431605", "total": 100.34, "tax_data": "{\"CGST\": {\"9.00\": 7.78}, \"SGST\": {\"7.00\": 6.06}}", "total_data": "{\"13\": {\"2.50\": \"{'CGST': {'9.00': '0.22'}, 'SGST': {'7.00': '0.18'}}\"}, \"15\": {\"40.00\": \"{'CGST': {'9.00': '3.60'}, 'SGST': {'7.00': '2.80'}}\"}, \"14\": {\"44.00\": \"{'CGST': {'9.00': '3.96'}, 'SGST': {'7.00': '3.08'}}\"}}", "total_tax": 13.84, "payment_method": "PayPal", "status": "New", "is_ordered": true, "created_at": "2023-05-06T12:18:21.067Z", "updated_at": "2023-05-06T12:19:05.769Z", "vendors": [15, 14, 13]}}, {"model": "orders.order", "pk": 43, "fields": {"user": 39, "payment": 10, "order_number": "2023050619034243", "first_name": "Snehal", "last_name": "Deshpande", "phone": "8668728687", "email": "2019bcs025@sggs.ac.in", "address": "Nanded", "country": "India", "state": "Maharashtra", "city": "Nanded", "pin_code": "431605", "total": 5.8, "tax_data": "{\"CGST\": {\"9.00\": 0.45}, \"SGST\": {\"7.00\": 0.35}}", "total_data": "{\"13\": {\"5.00\": \"{'CGST': {'9.00': '0.45'}, 'SGST': {'7.00': '0.35'}}\"}}", "total_tax": 0.8, "payment_method": "PayPal", "status": "New", "is_ordered": true, "created_at": "2023-05-06T13:33:42.237Z", "updated_at": "2023-05-06T13:34:15.060Z", "vendors": [13]}}, {"model": "orders.orderedfood", "pk": 23, "fields": {"order": 35, "payment": 7, "user": 34, "fooditem": 7, "quantity": 1, "price": 2.5, "amount": 2.5, "created_at": "2023-05-06T10:58:01.459Z", "updated_at": "2023-05-06T10:58:01.459Z"}}, {"model": "orders.orderedfood", "pk": 24, "fields": {"order": 35, "payment": 7, "user": 34, "fooditem": 13, "quantity": 1, "price": 20.0, "amount": 20.0, "created_at": "2023-05-06T10:58:01.464Z", "updated_at": "2023-05-06T10:58:01.464Z"}}, {"model": "orders.orderedfood", "pk": 25, "fields": {"order": 35, "payment": 7, "user": 34, "fooditem": 11, "quantity": 1, "price": 10.0, "amount": 10.0, "created_at": "2023-05-06T10:58:01.466Z", "updated_at": "2023-05-06T10:58:01.466Z"}}, {"model": "orders.orderedfood", "pk": 26, "fields": {"order": 35, "payment": 7, "user": 34, "fooditem": 10, "quantity": 1, "price": 12.0, "amount": 12.0, "created_at": "2023-05-06T10:58:01.468Z", "updated_at": "2023-05-06T10:58:01.468Z"}}, {"model": "orders.orderedfood", "pk": 27, "fields": {"order": 35, "payment": 7, "user": 34, "fooditem": 9, "quantity": 1, "price": 10.0, "amount": 10.0, "created_at": "2023-05-06T10:58:01.470Z", "updated_at": "2023-05-06T10:58:01.470Z"}}, {"model": "orders.orderedfood", "pk": 28, "fields": {"order": 39, "payment": 8, "user": 34, "fooditem": 7, "quantity": 1, "price": 2.5, "amount": 2.5, "created_at": "2023-05-06T11:25:29.474Z", "updated_at": "2023-05-06T11:25:29.474Z"}}, {"model": "orders.orderedfood", "pk": 29, "fields": {"order": 39, "payment": 8, "user": 34, "fooditem": 13, "quantity": 1, "price": 20.0, "amount": 20.0, "created_at": "2023-05-06T11:25:29.481Z", "updated_at": "2023-05-06T11:25:29.481Z"}}, {"model": "orders.orderedfood", "pk": 30, "fields": {"order": 39, "payment": 8, "user": 34, "fooditem": 11, "quantity": 1, "price": 10.0, "amount": 10.0, "created_at": "2023-05-06T11:25:29.486Z", "updated_at": "2023-05-06T11:25:29.486Z"}}, {"model": "orders.orderedfood", "pk": 31, "fields": {"order": 39, "payment": 8, "user": 34, "fooditem": 10, "quantity": 1, "price": 12.0, "amount": 12.0, "created_at": "2023-05-06T11:25:29.490Z", "updated_at": "2023-05-06T11:25:29.490Z"}}, {"model": "orders.orderedfood", "pk": 32, "fields": {"order": 39, "payment": 8, "user": 34, "fooditem": 9, "quantity": 1, "price": 10.0, "amount": 10.0, "created_at": "2023-05-06T11:25:29.495Z", "updated_at": "2023-05-06T11:25:29.495Z"}}, {"model": "orders.orderedfood", "pk": 33, "fields": {"order": 42, "payment": 9, "user": 34, "fooditem": 7, "quantity": 1, "price": 2.5, "amount": 2.5, "created_at": "2023-05-06T12:19:05.805Z", "updated_at": "2023-05-06T12:19:05.805Z"}}, {"model": "orders.orderedfood", "pk": 34, "fields": {"order": 42, "payment": 9, "user": 34, "fooditem": 13, "quantity": 1, "price": 20.0, "amount": 20.0, "created_at": "2023-05-06T12:19:05.817Z", "updated_at": "2023-05-06T12:19:05.817Z"}}, {"model": "orders.orderedfood", "pk": 35, "fields": {"order": 42, "payment": 9, "user": 34, "fooditem": 11, "quantity": 2, "price": 10.0, "amount": 20.0, "created_at": "2023-05-06T12:19:05.825Z", "updated_at": "2023-05-06T12:19:05.825Z"}}, {"model": "orders.orderedfood", "pk": 36, "fields": {"order": 42, "payment": 9, "user": 34, "fooditem": 10, "quantity": 2, "price": 12.0, "amount": 24.0, "created_at": "2023-05-06T12:19:05.832Z", "updated_at": "2023-05-06T12:19:05.832Z"}}, {"model": "orders.orderedfood", "pk": 37, "fields": {"order": 42, "payment": 9, "user": 34, "fooditem": 9, "quantity": 2, "price": 10.0, "amount": 20.0, "created_at": "2023-05-06T12:19:05.840Z", "updated_at": "2023-05-06T12:19:05.840Z"}}, {"model": "orders.orderedfood", "pk": 38, "fields": {"order": 43, "payment": 10, "user": 39, "fooditem": 6, "quantity": 1, "price": 2.5, "amount": 2.5, "created_at": "2023-05-06T13:34:15.070Z", "updated_at": "2023-05-06T13:34:15.070Z"}}, {"model": "orders.orderedfood", "pk": 39, "fields": {"order": 43, "payment": 10, "user": 39, "fooditem": 7, "quantity": 1, "price": 2.5, "amount": 2.5, "created_at": "2023-05-06T13:34:15.074Z", "updated_at": "2023-05-06T13:34:15.074Z"}}]